Team_A,Team_B,Winner,Team_A_Avg_Score,Team_B_Avg_Score,Team_A_Win_Rate,Team_B_Win_Rate,Team_A_Avg_Goals,Team_B_Avg_Goals,Team_A_Player_Performance,Team_B_Player_Performance,Venue,Target
Team A,Team B,Team A,78,72,65,58,12,8,62,55,Home,1
Team C,Team D,Team D,64,70,59,63,9,11,48,52,Away,0
Team E,Team F,Team E,82,75,71,60,14,7,68,57,Home,1
Team G,Team H,Team G,69,66,61,58,10,9,55,51,Neutral,1
Team I,Team J,Team J,61,73,55,67,7,13,46,59,Away,0
Team K,Team L,Team K,76,71,68,64,11,8,61,56,Home,1
Team M,Team N,Team N,65,68,57,62,8,10,50,54,Away,0
Team O,Team P,Team O,81,79,70,69,13,9,66,63,Home,1
Team Q,Team R,Team R,67,74,60,66,9,12,52,58,Away,0
Team S,Team T,Team S,73,68,64,59,12,7,59,53,Home,1
Team A,Team C,Team C,70,76,62,68,8,12,54,61,Home,0
Team D,Team E,Team E,68,77,58,70,10,13,51,64,Away,0
Team F,Team G,Team F,75,71,66,62,11,8,60,55,Home,1
Team H,Team I,Team H,72,69,63,61,9,7,57,54,Home,1
Team J,Team K,Team K,66,78,57,71,8,14,49,63,Away,0
Team L,Team M,Team L,79,74,69,65,13,9,64,58,Home,1
Team N,Team O,Team O,62,80,54,73,7,15,45,67,Away,0
Team P,Team Q,Team P,77,70,67,61,12,8,63,55,Home,1
Team R,Team S,Team S,69,75,60,68,9,11,53,59,Away,0
Team T,Team A,Team T,74,71,65,62,10,8,58,55,Neutral,1
